{
  "best_layer": 18,
  "diff_norms": {
    "0": 0.0,
    "1": 11.359468,
    "2": 16.400394,
    "3": 46.49493,
    "4": 46.214893,
    "5": 64.413757,
    "6": 62.9254,
    "7": 180.516281,
    "8": 403.599091,
    "9": 938.63031,
    "10": 1189.499878,
    "11": 1943.461304,
    "12": 2420.489014,
    "13": 2357.957275,
    "14": 1686.8125,
    "15": 1496.910278,
    "16": 2976.508057,
    "17": 3266.296875,
    "18": 4152.563477,
    "19": 3578.641113,
    "20": 4522.212402,
    "21": 5011.508301,
    "22": 6178.766113,
    "23": 7270.137207,
    "24": 8000.273926,
    "25": 9142.06543,
    "26": 10237.53125,
    "27": 11489.62793,
    "28": 12243.849609,
    "29": 13921.702148,
    "30": 15738.780273,
    "31": 17505.972656,
    "32": 18044.144531,
    "33": 18793.021484
  },
  "n_refused_used": 345
}