{
  "best_layer": 23,
  "diff_norms": {
    "0": 0.0,
    "1": 5.271029,
    "2": 7.969408,
    "3": 15.584496,
    "4": 16.217001,
    "5": 24.434084,
    "6": 16.706036,
    "7": 35.959579,
    "8": 46.335072,
    "9": 116.74836,
    "10": 172.005554,
    "11": 90.949852,
    "12": 197.174194,
    "13": 526.666687,
    "14": 495.241486,
    "15": 661.917236,
    "16": 1177.018311,
    "17": 1521.674438,
    "18": 2606.200684,
    "19": 3430.406006,
    "20": 4772.730957,
    "21": 5618.537598,
    "22": 6320.781738,
    "23": 6689.532715,
    "24": 7395.64209,
    "25": 8233.442383,
    "26": 9804.139648,
    "27": 11033.121094,
    "28": 12278.777344,
    "29": 14528.671875,
    "30": 16338.573242,
    "31": 18132.425781,
    "32": 18988.15625,
    "33": 20039.199219
  },
  "n_refused_used": 52
}